year,GOFAI,Cognitive_model,Machine_learning,Prerecorded,count_year
2015,45,15,40,0,20
2016,27.27272727272727,18.181818181818183,54.54545454545454,0,11
2017,23.076923076923077,15.384615384615385,61.53846153846154,0,13
2018,48.148148148148145,14.814814814814813,33.33333333333333,3.7037037037037033,27
2019,16.666666666666664,0,72.22222222222221,11.11111111111111,18
2020,60,0,40,0,20
2021,33.33333333333333,28.57142857142857,38.095238095238095,0,21
2022,37.5,12.5,50,0,8
